title,stars,price,stock
A Light in the Attic,Three,£51.77,In
Tipping the Velvet,One,£53.74,In
Soumission,One,£50.10,In
Sharp Objects,Four,£47.82,In
Sapiens: A Brief History of Humankind,Five,£54.23,In
The Requiem Red,One,£22.65,In
The Dirty Little Secrets of Getting Your Dream Job,Four,£33.34,In
"The Coming Woman: A Novel Based on the Life of the Infamous Feminist, Victoria Woodhull",Three,£17.93,In
The Boys in the Boat: Nine Americans and Their Epic Quest for Gold at the 1936 Berlin Olympics,Four,£22.60,In
The Black Maria,One,£52.15,In
"Starving Hearts (Triangular Trade Trilogy, #1)",Two,£13.99,In
Shakespeare's Sonnets,Four,£20.66,In
Set Me Free,Five,£17.46,In
Scott Pilgrim's Precious Little Life (Scott Pilgrim #1),Five,£52.29,In
Rip it Up and Start Again,Five,£35.02,In
"Our Band Could Be Your Life: Scenes from the American Indie Underground, 1981-1991",Three,£57.25,In
Olio,One,£23.88,In
Mesaerion: The Best Science Fiction Stories 1800-1849,One,£37.59,In
Libertarianism for Beginners,Two,£51.33,In
It's Only the Himalayas,Two,£45.17,In
In Her Wake,One,£12.84,In
How Music Works,Two,£37.32,In
"Foolproof Preserving: A Guide to Small Batch Jams, Jellies, Pickles, Condiments, and More: A Foolproof Guide to Making Small Batch Jams, Jellies, Pickles, Condiments, and More",Three,£30.52,In
Chase Me (Paris Nights #2),Five,£25.27,In
Black Dust,Five,£34.53,In
Birdsong: A Story in Pictures,Three,£54.64,In
America's Cradle of Quarterbacks: Western Pennsylvania's Football Factory from Johnny Unitas to Joe Montana,Three,£22.50,In
Aladdin and His Wonderful Lamp,Three,£53.13,In
Worlds Elsewhere: Journeys Around Shakespeare’s Globe,Five,£40.30,In
Wall and Piece,Four,£44.18,In
The Four Agreements: A Practical Guide to Personal Freedom,Five,£17.66,In
The Five Love Languages: How to Express Heartfelt Commitment to Your Mate,Three,£31.05,In
The Elephant Tree,Five,£23.82,In
The Bear and the Piano,One,£36.89,In
Sophie's World,Five,£15.94,In
Penny Maybe,Three,£33.29,In
Maude (1883-1993):She Grew Up with the country,Two,£18.02,In
"In a Dark, Dark Wood",One,£19.63,In
Behind Closed Doors,Four,£52.22,In
You can't bury them all: Poems,Two,£33.63,In
Slow States of Collapse: Poems,Three,£57.31,In
Reasons to Stay Alive,Two,£26.41,In
Private Paris (Private #10),Five,£47.61,In
#HigherSelfie: Wake Up Your Life. Free Your Soul. Find Your Tribe.,Five,£23.11,In
Without Borders (Wanderlove #1),Two,£45.07,In
When We Collided,One,£31.77,In
"We Love You, Charlie Freeman",Five,£50.27,In
Untitled Collection: Sabbath Poems 2014,Four,£14.27,In
"Unseen City: The Majesty of Pigeons, the Discreet Charm of Snails & Other Wonders of the Urban Wilderness",Four,£44.18,In
Unicorn Tracks,Three,£18.78,In
"Unbound: How Eight Technologies Made Us Human, Transformed Society, and Brought Our World to the Brink",One,£25.52,In
Tsubasa: WoRLD CHRoNiCLE 2 (Tsubasa WoRLD CHRoNiCLE #2),One,£16.28,In
Throwing Rocks at the Google Bus: How Growth Became the Enemy of Prosperity,Three,£31.12,In
This One Summer,Four,£19.49,In
Thirst,Five,£17.27,In
The Torch Is Passed: A Harding Family Story,One,£19.09,In
The Secret of Dreadwillow Carse,One,£56.13,In
"The Pioneer Woman Cooks: Dinnertime: Comfort Classics, Freezer Food, 16-Minute Meals, and Other Delicious Ways to Solve Supper!",One,£56.41,In
The Past Never Ends,Four,£56.50,In
The Natural History of Us (The Fine Art of Pretending #2),Three,£45.22,In
The Nameless City (The Nameless City #1),Four,£38.16,In
The Murder That Never Was (Forensic Instincts #5),Three,£54.11,In
The Most Perfect Thing: Inside (and Outside) a Bird's Egg,Four,£42.96,In
"The Mindfulness and Acceptance Workbook for Anxiety: A Guide to Breaking Free from Anxiety, Phobias, and Worry Using Acceptance and Commitment Therapy",Four,£23.89,In
The Life-Changing Magic of Tidying Up: The Japanese Art of Decluttering and Organizing,Three,£16.77,In
"The Inefficiency Assassin: Time Management Tactics for Working Smarter, Not Longer",Five,£20.59,In
The Gutsy Girl: Escapades for Your Life of Epic Adventure,One,£37.13,In
The Electric Pencil: Drawings from Inside State Hospital No. 3,One,£56.06,In
The Death of Humanity: and the Case for Life,Four,£58.11,In
"The Bulletproof Diet: Lose up to a Pound a Day, Reclaim Energy and Focus, Upgrade Your Life",Three,£49.05,In
The Art Forger,Three,£40.76,In
The Age of Genius: The Seventeenth Century and the Birth of the Modern Mind,One,£19.73,In
The Activist's Tao Te Ching: Ancient Advice for a Modern Revolution,Five,£32.24,In
Spark Joy: An Illustrated Master Class on the Art of Organizing and Tidying Up,Four,£41.83,In
Soul Reader,Two,£39.58,In
Security,Two,£39.25,In
"Saga, Volume 6 (Saga (Collected Editions) #6)",Three,£25.02,In
"Saga, Volume 5 (Saga (Collected Editions) #5)",Two,£51.04,In
Reskilling America: Learning to Labor in the Twenty-First Century,Two,£19.83,In
"Rat Queens, Vol. 3: Demons (Rat Queens (Collected Editions) #11-15)",Three,£50.40,In
"Princess Jellyfish 2-in-1 Omnibus, Vol. 01 (Princess Jellyfish 2-in-1 Omnibus #1)",Five,£13.61,In
Princess Between Worlds (Wide-Awake Princess #5),Five,£13.34,In
"Pop Gun War, Volume 1: Gift",One,£18.97,In
"Political Suicide: Missteps, Peccadilloes, Bad Calls, Backroom Hijinx, Sordid Pasts, Rotten Breaks, and Just Plain Dumb Mistakes in the Annals of American Politics",Two,£36.28,In
Patience,Three,£10.16,In
"Outcast, Vol. 1: A Darkness Surrounds Him (Outcast #1)",Four,£15.44,In
orange: The Complete Collection 1 (orange: The Complete Collection #1),One,£48.41,In
Online Marketing for Busy Authors: A Step-By-Step Guide,One,£46.35,In
On a Midnight Clear,Three,£14.07,In
Obsidian (Lux #1),Two,£14.86,In
My Paris Kitchen: Recipes and Stories,Two,£33.37,In
Masks and Shadows,Two,£56.40,In
"Mama Tried: Traditional Italian Cooking for the Screwed, Crude, Vegan, and Tattooed",Four,£14.02,In
"Lumberjanes, Vol. 2: Friendship to the Max (Lumberjanes #5-8)",Two,£46.91,In
"Lumberjanes, Vol. 1: Beware the Kitten Holy (Lumberjanes #1-4)",Three,£45.61,In
Lumberjanes Vol. 3: A Terrible Plan (Lumberjanes #9-12),Two,£19.92,In
"Layered: Baking, Building, and Styling Spectacular Cakes",One,£40.11,In
Judo: Seven Steps to Black Belt (an Introductory Guide for Beginners),Two,£53.90,In
Join,Five,£35.67,In
In the Country We Love: My Family Divided,Four,£22.00,In
Immunity: How Elie Metchnikoff Changed the Course of Modern Medicine,Five,£57.36,In
"I Hate Fairyland, Vol. 1: Madly Ever After (I Hate Fairyland (Compilations) #1-5)",Two,£29.17,In
I am a Hero Omnibus Volume 1,Three,£54.63,In
How to Be Miserable: 40 Strategies You Already Use,One,£46.03,In
Her Backup Boyfriend (The Sorensen Family #1),One,£33.97,In
"Giant Days, Vol. 2 (Giant Days #5-8)",Two,£22.11,In
Forever and Forever: The Courtship of Henry Longfellow and Fanny Appleton,Three,£29.69,In
First and First (Five Boroughs #3),Four,£15.97,In
Fifty Shades Darker (Fifty Shades #2),One,£21.96,In
Everydata: The Misinformation Hidden in the Little Data You Consume Every Day,Two,£54.35,In
"Don't Be a Jerk: And Other Practical Advice from Dogen, Japan's Greatest Zen Master",Two,£37.97,In
Danganronpa Volume 1,Four,£51.99,In
Crown of Midnight (Throne of Glass #2),Three,£43.29,In
"Codename Baboushka, Volume 1: The Conclave of Death",Four,£36.72,In
Camp Midnight,Four,£17.08,In
Call the Nurse: True Stories of a Country Nurse on a Scottish Isle,Five,£29.14,In
Burning,Three,£28.81,In
Bossypants,Two,£49.46,In
"Bitch Planet, Vol. 1: Extraordinary Machine (Bitch Planet (Collected Editions))",Two,£37.92,In
"Avatar: The Last Airbender: Smoke and Shadow, Part 3 (Smoke and Shadow #3)",Two,£28.09,In
Algorithms to Live By: The Computer Science of Human Decisions,One,£30.81,In
A World of Flavor: Your Gluten Free Passport,One,£42.95,In
"A Piece of Sky, a Grain of Rice: A Memoir in Four Meditations",Five,£56.76,In
A Murder in Time,One,£16.64,In
A Flight of Arrows (The Pathfinders #2),Five,£55.53,In
A Fierce and Subtle Poison,Four,£28.13,In
A Court of Thorns and Roses (A Court of Thorns and Roses #1),One,£52.37,In
(Un)Qualified: How God Uses Broken People to Do Big Things,Five,£54.00,In
You Are What You Love: The Spiritual Power of Habit,Four,£21.87,In
"William Shakespeare's Star Wars: Verily, A New Hope (William Shakespeare's Star Wars #4)",Four,£43.30,In
Tuesday Nights in 1980,Two,£21.04,In
Tracing Numbers on a Train,Three,£41.60,In
Throne of Glass (Throne of Glass #1),Three,£35.07,In
Thomas Jefferson and the Tripoli Pirates: The Forgotten War That Changed American History,One,£59.64,In
Thirteen Reasons Why,One,£52.72,In
The White Cat and the Monk: A Retelling of the Poem “Pangur Bán”,Four,£58.08,In
The Wedding Dress,One,£24.12,In
The Vacationers,Four,£42.15,In
The Third Wave: An Entrepreneur’s Vision of the Future,Five,£12.61,In
The Stranger,Four,£17.44,In
The Shadow Hero (The Shadow Hero),One,£33.14,In
The Secret (The Secret #1),Four,£27.37,In
The Regional Office Is Under Attack!,Five,£51.36,In
The Psychopath Test: A Journey Through the Madness Industry,Two,£36.00,In
The Project,One,£10.65,In
The Power of Now: A Guide to Spiritual Enlightenment,Two,£43.54,In
The Omnivore's Dilemma: A Natural History of Four Meals,Two,£38.21,In
The Nerdy Nummies Cookbook: Sweet Treats for the Geek in All of Us,Five,£37.34,In
The Murder of Roger Ackroyd (Hercule Poirot #4),Four,£44.10,In
The Mistake (Off-Campus #2),Three,£43.29,In
The Matchmaker's Playbook (Wingmen Inc. #1),One,£55.85,In
The Love and Lemons Cookbook: An Apple-to-Zucchini Celebration of Impromptu Cooking,Two,£37.60,In
The Long Shadow of Small Ghosts: Murder and Memory in an American City,One,£10.97,In
The Kite Runner,Four,£41.82,In
The House by the Lake,One,£36.95,In
The Glittering Court (The Glittering Court #1),One,£44.28,In
The Girl on the Train,Two,£55.02,In
The Genius of Birds,One,£17.24,In
The Emerald Mystery,Two,£23.15,In
The Cookies & Cups Cookbook: 125+ sweet & savory recipes reminding you to Always Eat Dessert First,One,£41.25,In
The Bridge to Consciousness: I'm Writing the Bridge Between Science and Our Old and New Beliefs.,Three,£32.00,In
The Artist's Way: A Spiritual Path to Higher Creativity,Five,£38.49,In
The Art of War,Five,£33.34,In
The Argonauts,Two,£10.93,In
The 10% Entrepreneur: Live Your Startup Dream Without Quitting Your Day Job,Three,£27.55,In
Suddenly in Love (Lake Haven #1),Two,£55.99,In
Something More Than This,Four,£16.24,In
Soft Apocalypse,Two,£26.12,In
So You've Been Publicly Shamed,Two,£12.23,In
Shoe Dog: A Memoir by the Creator of NIKE,Two,£23.99,In
"Shobu Samurai, Project Aryoku (#3)",Three,£29.06,In
Secrets and Lace (Fatal Hearts #1),One,£20.27,In
Scarlett Epstein Hates It Here,Five,£43.55,In
Romero and Juliet: A Tragic Tale of Love and Zombies,One,£36.94,In
Redeeming Love,Five,£20.47,In
Poses for Artists Volume 1 - Dynamic and Sitting Poses: An Essential Reference for Figure Drawing and the Human Form,One,£41.06,In
Poems That Make Grown Women Cry,Four,£14.19,In
"Nightingale, Sing",One,£38.28,In
Night Sky with Exit Wounds,One,£41.05,In
Mrs. Houdini,Five,£30.25,In
Modern Romance,Five,£28.26,In
Miss Peregrine’s Home for Peculiar Children (Miss Peregrine’s Peculiar Children #1),One,£10.76,In
Louisa: The Extraordinary Life of Mrs. Adams,Two,£16.85,In
Little Red,Three,£13.47,In
Library of Souls (Miss Peregrine’s Peculiar Children #3),Five,£48.56,In
Large Print Heart of the Pride,Two,£19.15,In
I Had a Nice Time And Other Lies...: How to find love & sh*t like that,Four,£57.36,In
Hollow City (Miss Peregrine’s Peculiar Children #2),One,£42.98,In
Grumbles,Two,£22.16,In
Full Moon over Noah’s Ark: An Odyssey to Mount Ararat and Beyond,Four,£49.43,In
Frostbite (Vampire Academy #2),Five,£29.99,In
Follow You Home,One,£21.36,In
First Steps for New Christians (Print Edition),One,£29.00,In
Finders Keepers (Bill Hodges Trilogy #2),Five,£53.53,In
"Fables, Vol. 1: Legends in Exile (Fables #1)",Four,£41.62,In
Eureka Trivia 6.0,Four,£54.59,In
Drive: The Surprising Truth About What Motivates Us,Four,£34.95,In
Done Rubbed Out (Reightman & Bailey #1),Five,£37.72,In
Doing It Over (Most Likely To #1),Three,£35.61,In
"Deliciously Ella Every Day: Quick and Easy Recipes for Gluten-Free Snacks, Packed Lunches, and Simple Meals",Three,£42.16,In
Dark Notes,Five,£19.19,In
"Daring Greatly: How the Courage to Be Vulnerable Transforms the Way We Live, Love, Parent, and Lead",Three,£19.43,In
Close to You,Four,£49.46,In
Chasing Heaven: What Dying Taught Me About Living,Two,£37.80,In
Big Magic: Creative Living Beyond Fear,Three,£30.80,In
Becoming Wise: An Inquiry into the Mystery and Art of Living,Two,£27.43,In
Beauty Restored (Riley Family Legacy Novellas #3),Two,£11.11,In
Batman: The Long Halloween (Batman),Two,£36.50,In
Batman: The Dark Knight Returns (Batman),Five,£15.38,In
Ayumi's Violin,Two,£15.48,In
Anonymous,Four,£46.82,In
Amy Meets the Saints and Sages,Three,£18.46,In
Amid the Chaos,One,£36.58,In
Amatus,Five,£50.54,In
Agnostic: A Spirited Manifesto,Five,£12.51,In
Zealot: The Life and Times of Jesus of Nazareth,Three,£24.70,In
You (You #1),Five,£43.61,In
"Wonder Woman: Earth One, Volume One (Wonder Woman: Earth One #1)",Four,£37.34,In
Wild Swans,Two,£14.36,In
Why the Right Went Wrong: Conservatism--From Goldwater to the Tea Party and Beyond,Four,£52.65,In
Whole Lotta Creativity Going On: 60 Fun and Unusual Exercises to Awaken and Strengthen Your Creativity,Four,£38.20,In
What's It Like in Space?: Stories from Astronauts Who've Been There,Two,£19.60,In
"We Are Robin, Vol. 1: The Vigilante Business (We Are Robin #1)",One,£53.90,In
Walt Disney's Alice in Wonderland,Five,£12.96,In
V for Vendetta (V for Vendetta Complete),Four,£37.10,In
Until Friday Night (The Field Party #1),Two,£46.31,In
"Unbroken: A World War II Story of Survival, Resilience, and Redemption",Two,£45.95,In
Twenty Yawns,Two,£22.08,In
Through the Woods,Two,£25.38,In
This Is Where It Ends,Two,£27.12,In
The Year of Magical Thinking,Two,£43.04,In
The Wright Brothers,Four,£56.80,In
The White Queen (The Cousins' War #1),Five,£25.91,In
The Wedding Pact (The O'Malleys #2),Three,£32.61,In
The Time Keeper,Five,£27.88,In
The Testament of Mary,Four,£52.67,In
The Star-Touched Queen,Five,£46.02,In
The Songs of the Gods,Five,£44.48,In
The Song of Achilles,Five,£37.40,In
The Rosie Project (Don Tillman #1),One,£54.04,In
The Power of Habit: Why We Do What We Do in Life and Business,Three,£16.88,In
The Marriage of Opposites,Four,£28.08,In
The Lucifer Effect: Understanding How Good People Turn Evil,One,£10.40,In
The Long Haul (Diary of a Wimpy Kid #9),One,£44.07,In
The Loney,One,£23.40,In
The Literature Book (Big Ideas Simply Explained),Three,£17.43,In
The Last Mile (Amos Decker #2),Two,£54.21,In
The Immortal Life of Henrietta Lacks,Two,£40.67,In
The Hidden Oracle (The Trials of Apollo #1),Two,£52.26,In
The Help Yourself Cookbook for Kids: 60 Easy Plant-Based Recipes Kids Can Make to Stay Healthy and Save the Earth,Three,£28.77,In
The Guilty (Will Robie #4),Two,£13.82,In
The First Hostage (J.B. Collins #2),Three,£25.85,In
The Dovekeepers,One,£48.78,In
The Darkest Lie,Five,£35.35,In
The Bane Chronicles (The Bane Chronicles #1-11),Four,£44.73,In
The Bad-Ass Librarians of Timbuktu: And Their Race to Save the World’s Most Precious Manuscripts,One,£15.77,In
The 14th Colony (Cotton Malone #11),One,£39.24,In
That Darkness (Gardiner and Renner #1),One,£13.92,In
Tastes Like Fear (DI Marnie Rome #3),One,£10.69,In
Take Me with You,Three,£45.21,In
Swell: A Year of Waves,One,£45.58,In
Superman Vol. 1: Before Truth (Superman by Gene Luen Yang #1),Five,£11.89,In
Still Life with Bread Crumbs,Three,£26.41,In
Steve Jobs,Five,£39.50,In
Sorting the Beef from the Bull: The Science of Food Fraud Forensics,Four,£44.74,In
Someone Like You (The Harrisons #2),Five,£52.79,In
"So Cute It Hurts!!, Vol. 6 (So Cute It Hurts!! #6)",Four,£35.43,In
Shtum,Four,£55.84,In
See America: A Celebration of Our National Parks & Treasured Sites,Three,£48.87,In
salt.,Four,£46.78,In
Robin War,Three,£47.82,In
"Red Hood/Arsenal, Vol. 1: Open for Business (Red Hood/Arsenal #1)",Two,£25.48,In
Rain Fish,Three,£23.57,In
"Quarter Life Poetry: Poems for the Young, Broke and Hangry",Five,£50.89,In
Pet Sematary,Three,£10.56,In
"Overload: How to Unplug, Unwind, and Unleash Yourself from the Pressure of Stress",Three,£52.15,In
Once Was a Time,Two,£18.28,In
Old School (Diary of a Wimpy Kid #10),Five,£11.83,In
No Dream Is Too High: Life Lessons From a Man Who Walked on the Moon,Two,£21.95,In
"Naruto (3-in-1 Edition), Vol. 14: Includes Vols. 40, 41 & 42 (Naruto: Omnibus #14)",Two,£38.39,In
My Name Is Lucy Barton,One,£41.56,In
My Mrs. Brown,Three,£24.48,In
My Kind of Crazy,One,£40.36,In
Mr. Mercedes (Bill Hodges Trilogy #1),One,£28.90,In
More Than Music (Chasing the Dream #1),Two,£37.61,In
Made to Stick: Why Some Ideas Survive and Others Die,Five,£38.85,In
Luis Paints the World,Three,£53.95,In
Luckiest Girl Alive,Three,£49.83,In
Lowriders to the Center of the Earth (Lowriders in Space #2),Two,£51.51,In
Love Is a Mix Tape (Music #1),One,£18.03,In
Looking for Lovely: Collecting the Moments that Matter,Five,£29.14,In
"Living Leadership by Insight: A Good Leader Achieves, a Great Leader Builds Monuments",Four,£46.91,In
Let It Out: A Journey Through Journaling,Five,£26.79,In
Lady Midnight (The Dark Artifices #1),Five,£16.28,In
"It's All Easy: Healthy, Delicious Weeknight Meals in under 30 Minutes",One,£19.55,In
Island of Dragons (Unwanteds #7),One,£29.65,In
I Know What I'm Doing -- and Other Lies I Tell Myself: Dispatches from a Life Under Construction,Four,£25.98,In
I Am Pilgrim (Pilgrim #1),Four,£10.60,In
"Hyperbole and a Half: Unfortunate Situations, Flawed Coping Mechanisms, Mayhem, and Other Things That Happened",Five,£14.75,In
"Hush, Hush (Hush, Hush #1)",Three,£47.02,In
Hold Your Breath (Search and Rescue #1),One,£28.82,In
Hamilton: The Revolution,Three,£58.79,In
Greek Mythic History,Five,£10.23,In
God: The Most Unpleasant Character in All Fiction,Five,£30.03,In
Glory over Everything: Beyond The Kitchen House,Three,£45.84,In
Feathers: Displays of Brilliant Plumage,Three,£49.05,In
"Far & Away: Places on the Brink of Change: Seven Continents, Twenty-Five Years",Four,£15.06,In
Every Last Word,Three,£46.47,In
Eligible (The Austen Project #4),Three,£27.09,In
El Deafo,Five,£57.62,In
Eight Hundred Grapes,Four,£14.39,In
"Eaternity: More than 150 Deliciously Easy Vegan Recipes for a Long, Healthy, Satisfied, Joyful Life",Five,£51.75,In
"Eat Fat, Get Thin",Two,£54.07,In
Don't Get Caught,One,£55.35,In
Doctor Sleep (The Shining #2),Two,£40.12,In
Demigods & Magicians: Percy and Annabeth Meet the Kanes (Percy Jackson & Kane Chronicles Crossover #1-3),Five,£37.51,In
Dear Mr. Knightley,Five,£11.21,In
Daily Fantasy Sports,One,£36.58,In
Crazy Love: Overwhelmed by a Relentless God,Two,£47.72,In
Cometh the Hour (The Clifton Chronicles #6),Three,£25.01,In
Code Name Verity (Code Name Verity #1),Four,£22.13,In
Clockwork Angel (The Infernal Devices #1),One,£44.14,In
City of Glass (The Mortal Instruments #3),Four,£56.02,In
City of Fallen Angels (The Mortal Instruments #4),Four,£11.23,In
City of Bones (The Mortal Instruments #1),One,£43.28,In
City of Ashes (The Mortal Instruments #2),One,£47.27,In
Cell,Four,£20.29,In
Catching Jordan (Hundred Oaks),Three,£50.83,In
"Carry On, Warrior: Thoughts on Life Unarmed",Three,£31.85,In
Carrie,Two,£46.23,In
Buying In: The Secret Dialogue Between What We Buy and Who We Are,Four,£37.80,In
Brain on Fire: My Month of Madness,Five,£49.32,In
Batman: Europa,Two,£32.01,In
Barefoot Contessa Back to Basics,One,£28.01,In
Barefoot Contessa at Home: Everyday Recipes You'll Make Over and Over Again,Five,£50.62,In
Balloon Animals,Three,£17.03,In
Art Ops Vol. 1,Three,£48.80,In
Aristotle and Dante Discover the Secrets of the Universe (Aristotle and Dante Discover the Secrets of the Universe #1),Four,£58.14,In
Angels Walking (Angels Walking #1),Two,£34.20,In
Angels & Demons (Robert Langdon #1),Three,£51.48,In
All the Light We Cannot See,Five,£29.87,In
"Adulthood Is a Myth: A ""Sarah's Scribbles"" Collection",Two,£10.90,In
Abstract City,Five,£56.37,In
A Time of Torment (Charlie Parker #14),Five,£48.35,In
A Study in Scarlet (Sherlock Holmes #1),Two,£16.73,In
"A Series of Catastrophes and Miracles: A True Story of Love, Science, and Cancer",Two,£56.48,In
A People's History of the United States,Two,£40.79,In
A Man Called Ove,One,£39.72,In
A Distant Mirror: The Calamitous 14th Century,Three,£14.58,In
A Brush of Wings (Angels Walking #3),One,£55.51,In
1491: New Revelations of the Americas Before Columbus,Three,£21.80,In
"The Three Searches, Meaning, and the Story",Three,£13.33,In
Searching for Meaning in Gailana,One,£38.73,In
Rook,Four,£37.86,In
My Kitchen Year: 136 Recipes That Saved My Life,Two,£11.53,In
13 Hours: The Inside Account of What Really Happened In Benghazi,One,£27.06,In
Will You Won't You Want Me?,Three,£13.86,In
Tipping Point for Planet Earth: How Close Are We to the Edge?,One,£37.55,In
The Star-Touched Queen,Five,£32.30,In
The Silent Sister (Riley MacPherson #1),Five,£46.29,In
The Midnight Watch: A Novel of the Titanic and the Californian,One,£26.20,In
The Lonely City: Adventures in the Art of Being Alone,Two,£33.26,In
The Gray Rhino: How to Recognize and Act on the Obvious Dangers We Ignore,Four,£59.15,In
The Golden Condom: And Other Essays on Love Lost and Found,One,£39.43,In
The Epidemic (The Program 0.6),Five,£14.44,In
The Dinner Party,Two,£56.54,In
The Diary of a Young Girl,Three,£59.90,In
The Children,Three,£11.88,In
Stars Above (The Lunar Chronicles #4.5),Two,£48.05,In
Snatched: How A Drug Queen Went Undercover for the DEA and Was Kidnapped By Colombian Guerillas,Three,£21.21,In
Raspberry Pi Electronics Projects for the Evil Genius,Four,£49.67,In
Quench Your Own Thirst: Business Lessons Learned Over a Beer or Two,One,£43.14,In
Psycho: Sanitarium (Psycho #1.5),Five,£36.97,In
Poisonous (Max Revere Novels #3),Three,£26.80,In
One with You (Crossfire #5),Four,£15.71,In
No Love Allowed (Dodge Cove #1),Four,£54.65,In
Murder at the 42nd Street Library (Raymond Ambler #1),Four,£54.36,In
Most Wanted,Three,£35.28,In
"Love, Lies and Spies",Two,£20.55,In
How to Speak Golf: An Illustrated Guide to Links Lingo,Five,£58.32,In
Hide Away (Eve Duncan #20),One,£11.84,In
Furiously Happy: A Funny Book About Horrible Things,Four,£41.46,In
Everyday Italian: 125 Simple and Delicious Recipes,Five,£20.10,In
Equal Is Unfair: America's Misguided Fight Against Income Inequality,One,£56.86,In
Eleanor & Park,Five,£56.51,In
Dirty (Dive Bar #1),Four,£40.83,In
Can You Keep a Secret? (Fear Street Relaunch #4),One,£48.64,In
Boar Island (Anna Pigeon #19),Three,£59.48,In
A Paris Apartment,Four,£39.01,In
"A la Mode: 120 Recipes in 60 Pairings: Pies, Tarts, Cakes, Crisps, and More Topped with Ice Cream, Gelato, Frozen Custard, and More",One,£38.77,In
Troublemaker: Surviving Hollywood and Scientology,Two,£48.39,In
The Widow,Two,£27.26,In
"The Sleep Revolution: Transforming Your Life, One Night at a Time",Four,£11.68,In
The Improbability of Love,One,£59.45,In
The Art of Startup Fundraising,Three,£21.00,In
Take Me Home Tonight (Rock Star Romance #3),Three,£53.98,In
Sleeping Giants (Themis Files #1),One,£48.74,In
"Setting the World on Fire: The Brief, Astonishing Life of St. Catherine of Siena",Two,£21.15,In
Playing with Fire,Three,£13.71,In
Off the Hook (Fishing for Trouble #1),Three,£47.67,In
Mothering Sunday,Two,£13.34,In
"Mother, Can You Not?",Five,£16.89,In
M Train,One,£27.18,In
Lilac Girls,Two,£17.28,In
Lies and Other Acts of Love,One,£45.14,In
Lab Girl,One,£40.85,In
Keep Me Posted,Four,£20.46,In
It Didn't Start with You: How Inherited Family Trauma Shapes Who We Are and How to End the Cycle,Three,£56.27,In
Grey (Fifty Shades #4),Four,£48.49,In
"Exit, Pursued by a Bear",Four,£51.34,In
Daredevils,Three,£16.34,In
Cravings: Recipes for What You Want to Eat,Three,£20.50,In
Born for This: How to Find the Work You Were Meant to Do,Five,£21.59,In
Arena,Four,£21.36,In
Adultery,Five,£20.88,In
A Mother's Reckoning: Living in the Aftermath of Tragedy,Three,£19.53,In
A Gentleman's Position (Society of Gentlemen #3),Five,£14.75,In
11/22/63,Three,£48.48,In
"10% Happier: How I Tamed the Voice in My Head, Reduced Stress Without Losing My Edge, and Found Self-Help That Actually Works",Two,£24.57,In
10-Day Green Smoothie Cleanse: Lose Up to 15 Pounds in 10 Days!,Five,£49.71,In
Without Shame,Five,£48.27,In
Watchmen,Four,£58.05,In
Unlimited Intuition Now,Four,£58.87,In
Underlying Notes,Two,£11.82,In
The Shack,One,£28.03,In
The New Brand You: Your New Image Makes the Sale for You,Five,£44.05,In
"The Moosewood Cookbook: Recipes from Moosewood Restaurant, Ithaca, New York",Four,£12.34,In
The Flowers Lied,Two,£16.68,In
"The Fabric of the Cosmos: Space, Time, and the Texture of Reality",One,£55.91,In
The Book of Mormon,Three,£24.57,In
The Art and Science of Low Carbohydrate Living,Five,£52.98,In
The Alien Club,One,£54.40,In
Suzie Snowflake: One beautiful flake (a self-esteem story),Five,£54.81,In
Nap-a-Roo,One,£25.08,In
"NaNo What Now? Finding your editing process, revising your NaNoWriMo book and building a writing career through publishing and beyond",Four,£10.41,In
Modern Day Fables,Two,£47.44,In
If I Gave You God's Phone Number....: Searching for Spirituality in America,One,£20.91,In
"Fruits Basket, Vol. 9 (Fruits Basket #9)",Four,£33.95,In
Dress Your Family in Corduroy and Denim,Three,£43.68,In
Don't Forget Steven,One,£33.23,In
Chernobyl 01:23:40: The Incredible True Story of the World's Worst Nuclear Disaster,Two,£35.92,In
Art and Fear: Observations on the Perils (and Rewards) of Artmaking,Four,£48.63,In
A Shard of Ice (The Black Symphony Saga #1),Three,£56.63,In
A Hero's Curse (The Unseen Chronicles #1),Three,£50.49,In
23 Degrees South: A Tropical Tale of Changing Whether...,Two,£35.79,In
"Zero to One: Notes on Startups, or How to Build the Future",Three,£34.06,In
Why Not Me?,One,£17.76,In
When Breath Becomes Air,Two,£39.36,In
Vagabonding: An Uncommon Guide to the Art of Long-Term World Travel,Two,£36.94,In
The Unlikely Pilgrimage of Harold Fry (Harold Fry #1),Five,£43.62,In
The New Drawing on the Right Side of the Brain,Three,£43.02,In
"The Midnight Assassin: Panic, Scandal, and the Hunt for America's First Serial Killer",Four,£28.45,In
The Martian (The Martian #1),Two,£41.39,In
The High Mountains of Portugal,One,£51.15,In
The Grownup,One,£35.88,In
The E-Myth Revisited: Why Most Small Businesses Don't Work and What to Do About It,One,£36.91,In
South of Sunshine,One,£28.93,In
Smarter Faster Better: The Secrets of Being Productive in Life and Business,Five,£38.89,In
Silence in the Dark (Logan Point #4),Three,£58.33,In
Shadows of the Past (Logan Point #1),Five,£39.67,In
Roller Girl,Five,£14.10,In
Rising Strong,Three,£21.82,In
Proofs of God: Classical Arguments from Tertullian to Barth,One,£54.21,In
Please Kill Me: The Uncensored Oral History of Punk,Four,£31.19,In
Out of Print: City Lights Spotlight No. 14,Five,£53.64,In
My Life Next Door (My Life Next Door ),Five,£36.39,In
Miller's Valley,Two,£58.54,In
Man's Search for Meaning,Three,£29.48,In
"Love That Boy: What Two Presidents, Eight Road Trips, and My Son Taught Me About a Parent's Expectations",Two,£25.06,In
Living Forward: A Proven Plan to Stop Drifting and Get the Life You Want,Three,£12.55,In
Les Fleurs du Mal,Five,£29.04,In
Left Behind (Left Behind #1),Two,£40.72,In
Kill 'Em and Leave: Searching for James Brown and the American Soul,Five,£45.05,In
Kierkegaard: A Christian Missionary to Christians,One,£47.13,In
John Vassos: Industrial Design for Modern Life,Four,£20.22,In
I'll Give You the Sun,One,£56.48,In
I Will Find You,One,£44.21,In
Hystopia: A Novel,Four,£21.96,In
Howl and Other Poems,Two,£40.45,In
History of Beauty,Four,£10.29,In
Heaven is for Real: A Little Boy's Astounding Story of His Trip to Heaven and Back,Two,£52.86,In
Future Shock (Future Shock #1),Five,£55.65,In
Ender's Game (The Ender Quintet #1),One,£43.64,In
Diary of a Citizen Scientist: Chasing Tiger Beetles and Other New Ways of Engaging the World,One,£28.41,In
Death by Leisure: A Cautionary Tale,Four,£37.51,In
Brilliant Beacons: A History of the American Lighthouse,Three,£11.45,In
Brazen: The Courage to Find the You That's Been Hiding,Two,£19.22,In
Between the World and Me,Four,£56.91,In
Being Mortal: Medicine and What Matters in the End,Four,£55.06,In
"A Murder Over a Girl: Justice, Gender, Junior High",Three,£13.20,In
32 Yolks,Two,£53.63,In
"""Most Blessed of the Patriarchs"": Thomas Jefferson and the Empire of the Imagination",Five,£44.48,In
You Are a Badass: How to Stop Doubting Your Greatness and Start Living an Awesome Life,Three,£12.08,In
Wildlife of New York: A Five-Borough Coloring Book,Two,£22.14,In
What Happened on Beale Street (Secrets of the South Mysteries #2),Five,£25.37,In
Unreasonable Hope: Finding Faith in the God Who Brings Purpose to Your Pain,Two,£46.33,In
Under the Tuscan Sun,Three,£37.33,In
Toddlers Are A**holes: It's Not Your Fault,One,£25.55,In
The Year of Living Biblically: One Man's Humble Quest to Follow the Bible as Literally as Possible,One,£34.72,In
The Whale,Four,£35.96,In
The Story of Art,Four,£41.14,In
The Origin of Species,Four,£10.01,In
The Great Gatsby,Four,£36.05,In
The Good Girl,Three,£49.03,In
The Glass Castle,One,£16.24,In
The Faith of Christopher Hitchens: The Restless Soul of the World's Most Notorious Atheist,One,£39.55,In
The Drowning Girls,Three,£35.67,In
The Constant Princess (The Tudor Court #1),Three,£16.62,In
The Bourne Identity (Jason Bourne #1),Four,£42.78,In
The Bachelor Girl's Guide to Murder (Herringford and Watts Mysteries #1),Five,£52.30,In
The Art Book,Two,£32.34,In
The 7 Habits of Highly Effective People: Powerful Lessons in Personal Change,Four,£33.17,In
Team of Rivals: The Political Genius of Abraham Lincoln,Five,£20.12,In
Steal Like an Artist: 10 Things Nobody Told You About Being Creative,Two,£20.90,In
"Sit, Stay, Love",Three,£20.90,In
Sister Dear,Four,£40.20,In
"Shrunken Treasures: Literary Classics, Short, Sweet, and Silly",Three,£52.87,In
"Rich Dad, Poor Dad",One,£51.74,In
Raymie Nightingale,Two,£34.41,In
Playing from the Heart,One,£32.38,In
Nightstruck: A Novel,Four,£50.35,In
"Naturally Lean: 125 Nourishing Gluten-Free, Plant-Based Recipes--All Under 300 Calories",Five,£11.38,In
Meternity,Three,£43.58,In
Memoirs of a Geisha,Three,£49.67,In
Like Never Before (Walker Family #2),Two,£28.77,In
Life of Pi,Four,£13.22,In
Leave This Song Behind: Teen Poetry at Its Best,Five,£51.17,In
King's Folly (The Kinsman Chronicles #1),Five,£39.61,In
John Adams,Four,£57.43,In
How to Cook Everything Vegetarian: Simple Meatless Recipes for Great Food (How to Cook Everything),Four,£46.01,In
How to Be a Domestic Goddess: Baking and the Art of Comfort Cooking,Two,£28.25,In
Good in Bed (Cannie Shapiro #1),Five,£37.05,In
"Fruits Basket, Vol. 7 (Fruits Basket #7)",One,£19.57,In
For the Love: Fighting for Grace in a World of Impossible Standards,Three,£45.13,In
Finding God in the Ruins: How God Redeems Pain,Two,£46.64,In
Every Heart a Doorway (Every Heart A Doorway #1),Five,£12.16,In
Delivering the Truth (Quaker Midwife Mystery #1),Four,£20.89,In
Counted With the Stars (Out from Egypt #1),Five,£17.97,In
"Chronicles, Vol. 1",Two,£52.60,In
Blue Like Jazz: Nonreligious Thoughts on Christian Spirituality,One,£25.77,In
Benjamin Franklin: An American Life,Three,£48.19,In
"At The Existentialist Café: Freedom, Being, and apricot cocktails with: Jean-Paul Sartre, Simone de Beauvoir, Albert Camus, Martin Heidegger, Edmund Husserl, Karl Jaspers, Maurice Merleau-Ponty and others",Five,£29.93,In
A Summer In Europe,Two,£44.34,In
A Short History of Nearly Everything,Five,£52.40,In
A Gathering of Shadows (Shades of Magic #2),Four,£44.81,In
The Sound Of Love,Five,£57.84,In
The Rise and Fall of the Third Reich: A History of Nazi Germany,Two,£39.67,In
The Perks of Being a Wallflower,Three,£55.02,In
The Mysterious Affair at Styles (Hercule Poirot #1),Four,£24.80,In
The Man Who Mistook His Wife for a Hat and Other Clinical Tales,Four,£59.45,In
The Makings of a Fatherless Child,Two,£31.58,In
The Joy of Cooking,Four,£43.27,In
The Invention of Wings,One,£37.34,In
The Hobbit (Middle-Earth Universe),Five,£17.80,In
The Great Railway Bazaar,One,£30.54,In
The Golden Compass (His Dark Materials #1),One,£18.77,In
The God Delusion,Three,£46.85,In
The Girl You Left Behind (The Girl You Left Behind #1),One,£15.79,In
The Fellowship of the Ring (The Lord of the Rings #1),Two,£10.27,In
The Collected Poems of W.B. Yeats (The Collected Works of W.B. Yeats #1),Five,£15.42,In
The Barefoot Contessa Cookbook,Five,£59.92,In
Tell the Wolves I'm Home,Two,£50.96,In
Ship Leaves Harbor: Essays on Travel by a Recovering Journeyman,Three,£30.60,In
Pride and Prejudice,Four,£19.27,In
Musicophilia: Tales of Music and the Brain,One,£46.58,In
Mere Christianity,Three,£48.51,In
Me Before You (Me Before You #1),One,£19.02,In
In the Woods (Dublin Murder Squad #1),Two,£38.38,In
In Cold Blood,Four,£49.98,In
How to Stop Worrying and Start Living,Five,£46.49,In
Give It Back,Two,£18.32,In
"Girl, Interrupted",Three,£42.14,In
Fun Home: A Family Tragicomic,Four,£56.59,In
"Fruits Basket, Vol. 6 (Fruits Basket #6)",Four,£20.96,In
Deception Point,Four,£40.32,In
"Death Note, Vol. 6: Give-and-Take (Death Note #6)",Three,£36.39,In
Catherine the Great: Portrait of a Woman,Four,£58.55,In
Better Homes and Gardens New Cook Book,Three,£39.61,In
An Unquiet Mind: A Memoir of Moods and Madness,Three,£21.30,In
A Year in Provence (Provence #1),Four,£56.88,In
World Without End (The Pillars of the Earth #2),Four,£32.97,In
"Will Grayson, Will Grayson (Will Grayson, Will Grayson)",Four,£47.31,In
Why Save the Bankers?: And Other Essays on Our Economic and Political Crisis,Two,£48.67,In
Where She Went (If I Stay #2),Four,£41.73,In
What If?: Serious Scientific Answers to Absurd Hypothetical Questions,Four,£53.68,In
Two Summers,One,£14.64,In
This Is Your Brain on Music: The Science of a Human Obsession,One,£38.40,In
The Secret Garden,Four,£15.08,In
The Raven King (The Raven Cycle #4),Two,£30.57,In
The Raven Boys (The Raven Cycle #1),Four,£57.74,In
The Power Greens Cookbook: 140 Delicious Superfood Recipes,Five,£11.05,In
The Metamorphosis,One,£28.58,In
The Mathews Men: Seven Brothers and the War Against Hitler's U-boats,Five,£42.91,In
The Little Paris Bookshop,Three,£24.73,In
The Hiding Place,Four,£55.91,In
The Grand Design,Three,£13.76,In
The Firm,Three,£45.56,In
The Fault in Our Stars,One,£47.22,In
The False Prince (The Ascendance Trilogy #1),Five,£56.00,In
The Expatriates,Two,£44.58,In
The Dream Thieves (The Raven Cycle #2),One,£34.50,In
The Darkest Corners,Five,£11.33,In
The Crossover,Four,£38.77,In
The 5th Wave (The 5th Wave #1),Two,£11.83,In
Tell the Wind and Fire,Three,£45.51,In
Tell Me Three Things,One,£41.81,In
Talking to Girls About Duran Duran: One Young Man's Quest for True Love and a Cooler Haircut,Four,£25.15,In
Siddhartha,Five,£34.22,In
Shiver (The Wolves of Mercy Falls #1),Five,£16.23,In
Remember Me?,Three,£11.48,In
Red Dragon (Hannibal Lecter #1),Three,£23.37,In
Peak: Secrets from the New Science of Expertise,Two,£16.28,In
My Mother Was Nuts,Four,£31.63,In
Mexican Today: New and Rediscovered Recipes for Contemporary Kitchens,Five,£24.91,In
Maybe Something Beautiful: How Art Transformed a Neighborhood,One,£22.54,In
Lola and the Boy Next Door (Anna and the French Kiss #2),Four,£23.63,In
Logan Kade (Fallen Crest High #5.5),Two,£13.12,In
Last One Home (New Beginnings #1),Three,£59.98,In
Killing Floor (Jack Reacher #1),Four,£31.49,In
Kill the Boy Band,Five,£15.52,In
Isla and the Happily Ever After (Anna and the French Kiss #3),Five,£48.13,In
If I Stay (If I Stay #1),Five,£38.13,In
I Know Why the Caged Bird Sings (Maya Angelou's Autobiography #1),Two,£36.55,In
Harry Potter and the Deathly Hallows (Harry Potter #7),One,£23.32,In
"Fruits Basket, Vol. 5 (Fruits Basket #5)",One,£16.33,In
Foundation (Foundation (Publication Order) #1),One,£32.42,In
Fool Me Once,One,£16.96,In
Find Her (Detective D.D. Warren #8),One,£22.37,In
Evicted: Poverty and Profit in the American City,One,£42.27,In
Drama,Two,£38.70,In
Dracula the Un-Dead,Five,£35.63,In
Digital Fortress,Five,£58.00,In
"Death Note, Vol. 5: Whiteout (Death Note #5)",One,£52.41,In
"Data, A Love Story: How I Gamed Online Dating to Meet My Match",Three,£32.35,In
Critique of Pure Reason,One,£20.75,In
Booked,Five,£17.49,In
"Blue Lily, Lily Blue (The Raven Cycle #3)",Five,£34.13,In
Approval Junkie: Adventures in Caring Too Much,Five,£58.81,In
An Abundance of Katherines,Five,£10.00,In
America's War for the Greater Middle East: A Military History,Two,£51.22,In
Alight (The Generations Trilogy #2),Four,£58.59,In
A Girl's Guide to Moving On (New Beginnings #2),One,£31.30,In
A Game of Thrones (A Song of Ice and Fire #1),Two,£46.42,In
A Feast for Crows (A Song of Ice and Fire #4),Four,£17.21,In
A Clash of Kings (A Song of Ice and Fire #2),Three,£10.79,In
Vogue Colors A to Z: A Fashion Coloring Book,Four,£52.35,In
The Shining (The Shining #1),Three,£27.88,In
The Pilgrim's Progress,Two,£50.26,In
The Perfect Play (Play by Play #1),Three,£59.99,In
The Passion of Dolssa,Five,£28.32,In
The Jazz of Physics: The Secret Link Between Music and the Structure of the Universe,Three,£38.71,In
The Hunger Games (The Hunger Games #1),Five,£29.85,In
The Hound of the Baskervilles (Sherlock Holmes #5),Two,£14.82,In
The Gunning of America: Business and the Making of American Gun Culture,Four,£16.81,In
The Geography of Bliss: One Grump's Search for the Happiest Places in the World,Two,£28.23,In
The Demonists (Demonist #1),Two,£52.11,In
"The Demon Prince of Momochi House, Vol. 4 (The Demon Prince of Momochi House #4)",Two,£27.88,In
The Bone Hunters (Lexy Vaughan & Steven Macaulay #2),Three,£59.71,In
The Beast (Black Dagger Brotherhood #14),Five,£46.08,In
Some Women,Five,£13.73,In
Shopaholic Ties the Knot (Shopaholic #3),Five,£48.39,In
Paper and Fire (The Great Library #2),Five,£49.45,In
Outlander (Outlander #1),Five,£19.67,In
"Orchestra of Exiles: The Story of Bronislaw Huberman, the Israel Philharmonic, and the One Thousand Jews He Saved from Nazi Horrors",Three,£12.36,In
No One Here Gets Out Alive,Five,£20.02,In
Night Shift (Night Shift #1-20),Four,£12.75,In
Needful Things,Four,£47.51,In
Mockingjay (The Hunger Games #3),Four,£20.44,In
Misery,Two,£34.79,In
Little Women (Little Women #1),Four,£28.07,In
It,Three,£25.01,In
Harry Potter and the Sorcerer's Stone (Harry Potter #1),Three,£13.90,In
Harry Potter and the Prisoner of Azkaban (Harry Potter #3),Four,£24.17,In
Harry Potter and the Order of the Phoenix (Harry Potter #5),Four,£31.63,In
Harry Potter and the Half-Blood Prince (Harry Potter #6),Five,£48.75,In
Harry Potter and the Chamber of Secrets (Harry Potter #2),One,£14.74,In
Gone with the Wind,Three,£32.49,In
God Is Not Great: How Religion Poisons Everything,One,£27.80,In
Girl With a Pearl Earring,One,£26.77,In
"Fruits Basket, Vol. 4 (Fruits Basket #4)",Four,£50.44,In
Far From True (Promise Falls Trilogy #2),Two,£34.93,In
Dark Lover (Black Dagger Brotherhood #1),One,£12.87,In
Confessions of a Shopaholic (Shopaholic #1),Two,£48.94,In
Changing the Game (Play by Play #2),Three,£13.38,In
Candide,Three,£58.63,In
Can You Keep a Secret?,One,£21.94,In
Atlas Shrugged,Five,£26.58,In
Animal Farm,Three,£57.22,In
A Walk to Remember,One,£56.43,In
A New Earth: Awakening to Your Life's Purpose,Five,£55.65,In
"A History of God: The 4,000-Year Quest of Judaism, Christianity, and Islam",One,£27.62,In
'Salem's Lot,Four,£49.56,In
Zero History (Blue Ant #3),One,£34.77,In
Wuthering Heights,Three,£17.73,In
World War Z: An Oral History of the Zombie War,One,£21.80,In
Wild: From Lost to Found on the Pacific Crest Trail,Three,£46.02,In
"Where'd You Go, Bernadette",One,£18.13,In
When You Are Engulfed in Flames,Five,£30.89,In
We the People: The Modern-Day Figures Who Have Reshaped and Affirmed the Founding Fathers' Vision of America,Three,£31.95,In
We Are All Completely Beside Ourselves,One,£24.04,In
Walk the Edge (Thunder Road #2),Three,£32.36,In
Voyager (Outlander #3),Five,£21.07,In
Very Good Lives: The Fringe Benefits of Failure and the Importance of Imagination,Three,£50.66,In
Vegan Vegetarian Omnivore: Dinner for Everyone at the Table,Two,£13.66,In
"Unstuffed: Decluttering Your Home, Mind, and Soul",One,£58.09,In
Under the Banner of Heaven: A Story of Violent Faith,One,£30.00,In
Two Boys Kissing,Two,£32.74,In
Twilight (Twilight #1),Two,£41.93,In
Twenties Girl,Two,£42.80,In
"Trespassing Across America: One Man's Epic, Never-Done-Before (and Sort of Illegal) Hike Across the Heartland",One,£53.51,In
Three-Martini Lunch,Three,£23.21,In
"Thinking, Fast and Slow",One,£21.14,In
The Wild Robot,Three,£56.07,In
"The Wicked + The Divine, Vol. 3: Commercial Suicide (The Wicked + The Divine)",Three,£14.41,In
The Undomestic Goddess,Four,£45.75,In
The Travelers,One,£15.77,In
The Tipping Point: How Little Things Can Make a Big Difference,Two,£10.02,In
The Thing About Jellyfish,One,£48.77,In
The Stand,Two,£57.86,In
The Smitten Kitchen Cookbook,One,£23.59,In
The Silkworm (Cormoran Strike #2),Five,£23.05,In
"The Sandman, Vol. 3: Dream Country (The Sandman (volumes) #3)",Five,£55.55,In
The Rose & the Dagger (The Wrath and the Dawn #2),Four,£58.64,In
The Road to Little Dribbling: Adventures of an American in Britain (Notes From a Small Island #2),One,£23.21,In
The Rise of Theodore Roosevelt (Theodore Roosevelt #1),Three,£42.57,In
The Restaurant at the End of the Universe (Hitchhiker's Guide to the Galaxy #2),One,£10.92,In
The Rest Is Noise: Listening to the Twentieth Century,One,£34.77,In
The Red Tent,Five,£35.66,In
The Purpose Driven Life: What on Earth Am I Here for?,Three,£37.19,In
The Purest Hook (Second Circle Tattoos #3),One,£12.25,In
The Picture of Dorian Gray,Two,£29.70,In
The Paris Wife,Three,£36.80,In
The Obsession,One,£45.43,In
The Nightingale,Four,£26.26,In
The New Guy (and Other Senior Year Distractions),Three,£44.92,In
The Nanny Diaries (Nanny #1),Five,£52.53,In
The Name of God is Mercy,Two,£37.25,In
The Maze Runner (The Maze Runner #1),One,£20.93,In
The Lover's Dictionary,Two,£58.09,In
The Lonely Ones,Five,£43.59,In
The Lean Startup: How Today's Entrepreneurs Use Continuous Innovation to Create Radically Successful Businesses,Three,£33.92,In
The Last Painting of Sara de Vos,Two,£55.55,In
"The Land of 10,000 Madonnas",Four,£29.64,In
The Infinities,One,£27.41,In
The Husband's Secret,Five,£52.51,In
The Hitchhiker's Guide to the Galaxy (Hitchhiker's Guide to the Galaxy #1),Three,£47.80,In
The Guns of August,Two,£14.54,In
The Guernsey Literary and Potato Peel Pie Society,One,£49.53,In
The Goldfinch,Three,£43.58,In
The Giver (The Giver Quartet #1),One,£12.30,In
The Girl with All the Gifts,Three,£49.47,In
The Girl Who Played with Fire (Millennium Trilogy #2),Two,£22.14,In
The Girl Who Kicked the Hornet's Nest (Millennium Trilogy #3),One,£57.48,In
The Exiled,Three,£43.45,In
"The End of Faith: Religion, Terror, and the Future of Reason",Four,£22.13,In
"The Elegant Universe: Superstrings, Hidden Dimensions, and the Quest for the Ultimate Theory",Four,£13.03,In
"The Disappearing Spoon: And Other True Tales of Madness, Love, and the History of the World from the Periodic Table of the Elements",Five,£57.35,In
The Devil Wears Prada (The Devil Wears Prada #1),One,£44.29,In
The Demon-Haunted World: Science as a Candle in the Dark,Four,£52.25,In
The Day the Crayons Came Home (Crayons),Five,£26.33,In
The Da Vinci Code (Robert Langdon #2),Two,£22.96,In
The Cuckoo's Calling (Cormoran Strike #1),One,£19.21,In
The Complete Stories and Poems (The Works of Edgar Allan Poe [Cameo Edition]),Four,£26.78,In
The Complete Poems,Five,£41.32,In
The Catcher in the Rye,One,£24.55,In
The Cat in the Hat (Beginner Books B-1),Two,£16.26,In
The Case for Christ (Cases for Christianity),One,£47.84,In
The Book Thief,Two,£53.49,In
The Book of Basketball: The NBA According to The Sports Guy,Five,£44.84,In
The Blind Side: Evolution of a Game,Five,£53.71,In
The Autobiography of Malcolm X,Two,£23.43,In
"The Art of Simple Food: Notes, Lessons, and Recipes from a Delicious Revolution",Three,£34.32,In
The Art of Fielding,One,£22.10,In
"Surely You're Joking, Mr. Feynman!: Adventures of a Curious Character",Two,£25.83,In
Stiff: The Curious Lives of Human Cadavers,Three,£36.74,In
Spilled Milk: Based on a True Story,One,£49.51,In
Something Borrowed (Darcy & Rachel #1),Five,£48.96,In
Something Blue (Darcy & Rachel #2),One,£54.62,In
Soldier (Talon #3),Two,£24.72,In
Shopaholic & Baby (Shopaholic #5),Two,£46.45,In
Seven Days in the Art World,Two,£52.33,In
Seven Brief Lessons on Physics,Four,£30.60,In
Scarlet (The Lunar Chronicles #2),Four,£14.57,In
Sarah's Key,One,£46.29,In
"Saga, Volume 3 (Saga (Collected Editions) #3)",Five,£21.57,In
Running with Scissors,Four,£12.91,In
Rogue Lawyer (Rogue Lawyer #1),Three,£50.11,In
"Rise of the Rocket Girls: The Women Who Propelled Us, from Missiles to the Moon to Mars",Four,£41.67,In
Rework,Two,£44.88,In
Reservations for Two,Three,£11.10,In
Red: The True Story of Red Riding Hood,Three,£28.54,In
Ready Player One,Four,£19.07,In
Quiet: The Power of Introverts in a World That Can't Stop Talking,One,£43.55,In
Prodigy: The Graphic Novel (Legend: The Graphic Novel #2),Three,£43.63,In
Persepolis: The Story of a Childhood (Persepolis #1-2),One,£39.13,In
Packing for Mars: The Curious Science of Life in the Void,Two,£56.68,In
Outliers: The Story of Success,One,£14.16,In
Original Fake,Three,£31.45,In
Orange Is the New Black,Two,£24.61,In
One for the Money (Stephanie Plum #1),Two,£32.87,In
Notes from a Small Island (Notes From a Small Island #1),One,£40.17,In
Night (The Night Trilogy #1),One,£13.51,In
Neither Here nor There: Travels in Europe,Three,£38.95,In
Naked,Three,£31.69,In
Morning Star (Red Rising #3),One,£29.40,In
"Miracles from Heaven: A Little Girl, Her Journey to Heaven, and Her Amazing Story of Healing",One,£57.83,In
Midnight Riot (Peter Grant/ Rivers of London - books #1),Two,£55.46,In
Me Talk Pretty One Day,Two,£57.60,In
Manuscript Found in Accra,Two,£34.98,In
Lust & Wonder,Two,£11.87,In
Lila (Gilead #3),Three,£12.47,In
"Life, the Universe and Everything (Hitchhiker's Guide to the Galaxy #3)",Two,£33.26,In
Life Without a Recipe,Five,£59.04,In
Life After Life,Two,£26.13,In
Letter to a Christian Nation,One,£22.20,In
Let's Pretend This Never Happened: A Mostly True Memoir,One,£45.11,In
Legend (Legend #1),Four,£43.69,In
"Lean In: Women, Work, and the Will to Lead",One,£25.02,In
"Lamb: The Gospel According to Biff, Christ's Childhood Pal",Five,£55.50,In
Lady Renegades (Rebel Belle #3),Five,£53.04,In
Jurassic Park (Jurassic Park #1),One,£44.97,In
It's Never Too Late to Begin Again: Discovering Creativity and Meaning at Midlife and Beyond,One,£42.38,In
Is Everyone Hanging Out Without Me? (And Other Concerns),Three,£20.11,In
Into the Wild,Five,£56.70,In
Inferno (Robert Langdon #4),Five,£41.00,In
"In the Garden of Beasts: Love, Terror, and an American Family in Hitler's Berlin",Three,£28.85,In
If I Run (If I Run #1),Four,£49.97,In
I've Got Your Number,One,£19.69,In
I Am Malala: The Girl Who Stood Up for Education and Was Shot by the Taliban,Two,£28.88,In
Hungry Girl Clean & Hungry: Easy All-Natural Recipes for Healthy Eating in the Real World,Three,£33.14,In
"House of Lost Worlds: Dinosaurs, Dynasties, and the Story of Life on Earth",Two,£43.70,In
House of Leaves,One,£54.89,In
Horrible Bear!,Two,£37.52,In
Holidays on Ice,Two,£51.07,In
Heir to the Sky,Four,£44.07,In
Green Eggs and Ham (Beginner Books B-16),Four,£10.79,In
"Grayson, Vol 3: Nemesis (Grayson #3)",One,£42.72,In
Gratitude,Five,£26.66,In
Gone Girl,Five,£37.60,In
Golden (Heart of Dread #3),Four,£42.21,In
Girl in the Blue Coat,Two,£46.83,In
"Fruits Basket, Vol. 3 (Fruits Basket #3)",Two,£45.17,In
"Friday Night Lights: A Town, a Team, and a Dream",Three,£51.22,In
Fire Bound (Sea Haven/Sisters of the Heart #5),Four,£21.28,In
Fifty Shades Freed (Fifty Shades #3),Five,£15.36,In
Fellside,One,£38.62,In
Extreme Prey (Lucas Davenport #26),Three,£25.40,In
Eragon (The Inheritance Cycle #1),Three,£43.87,In
Eclipse (Twilight #3),One,£18.74,In
Dune (Dune #1),One,£54.86,In
Dracula,Three,£52.62,In
Do Androids Dream of Electric Sheep? (Blade Runner #1),One,£51.48,In
Disrupted: My Misadventure in the Start-Up Bubble,Five,£15.28,In
Dead Wake: The Last Crossing of the Lusitania,Five,£39.24,In
"David and Goliath: Underdogs, Misfits, and the Art of Battling Giants",One,£17.81,In
Darkfever (Fever #1),One,£56.02,In
Dark Places,Five,£23.90,In
Crazy Rich Asians (Crazy Rich Asians #1),Five,£49.13,In
Counting Thyme,One,£10.62,In
Cosmos,Two,£36.17,In
Civilization and Its Discontents,Two,£59.95,In
Cinder (The Lunar Chronicles #1),One,£26.09,In
Catastrophic Happiness: Finding Joy in Childhood's Messy Years,Two,£37.35,In
Career of Evil (Cormoran Strike #3),Two,£24.72,In
Breaking Dawn (Twilight #4),Five,£35.28,In
Brave Enough,Five,£51.32,In
Boy Meets Boy,Three,£21.12,In
"Born to Run: A Hidden Tribe, Superathletes, and the Greatest Race the World Has Never Seen",Two,£27.35,In
Blink: The Power of Thinking Without Thinking,Five,£21.74,In
Black Flags: The Rise of ISIS,One,£40.87,In
"Black Butler, Vol. 1 (Black Butler #1)",One,£49.31,In
Big Little Lies,One,£22.11,In
Between Shades of Gray,Five,£20.79,In
Best of My Love (Fool's Gold #20),Two,£27.41,In
Beowulf,Two,£38.35,In
Beautiful Creatures (Caster Chronicles #1),Five,£21.55,In
Awkward,Two,£38.02,In
Ash,Four,£22.06,In
Are We There Yet?,Three,£10.66,In
Are We Smart Enough to Know How Smart Animals Are?,One,£56.58,In
Annie on My Mind,Five,£36.83,In
And Then There Were None,Two,£35.01,In
A Walk in the Woods: Rediscovering America on the Appalachian Trail,Four,£30.48,In
A Visit from the Goon Squad,Five,£14.08,In
A Storm of Swords (A Song of Ice and Fire #3),Two,£31.22,In
A Heartbreaking Work of Staggering Genius,Five,£54.29,In
8 Keys to Mental Health Through Exercise,One,£31.04,In
#GIRLBOSS,One,£50.96,In
"The Suffragettes (Little Black Classics, #96)",Two,£11.89,In
The Sense of an Ending,Three,£31.38,In
"The Sandman, Vol. 2: The Doll's House (The Sandman (volumes) #2)",One,£54.81,In
The Course of Love,Three,£16.78,In
Sugar Rush (Offensive Line #2),One,£24.42,In
"Saga, Volume 2 (Saga (Collected Editions) #2)",Three,£11.75,In
"Run, Spot, Run: The Ethics of Keeping Pets",One,£20.02,In
New Moon (Twilight #2),Four,£12.86,In
Life,Five,£31.58,In
Kindle Paperwhite User's Guide,Three,£34.00,In
H is for Hawk,Five,£57.42,In
Girl Online On Tour (Girl Online #2),One,£53.47,In
"Fruits Basket, Vol. 2 (Fruits Basket #2)",Five,£11.64,In
Diary of a Minecraft Zombie Book 1: A Scare of a Dare (An Unofficial Minecraft Book),Four,£52.88,In
"Y: The Last Man, Vol. 1: Unmanned (Y: The Last Man #1)",Four,£18.51,In
While You Were Mine,Five,£41.32,In
Where Lightning Strikes (Bleeding Stars #3),Three,£39.77,In
When I'm Gone,Three,£51.96,In
Ways of Seeing,Five,£39.51,In
"Vampire Knight, Vol. 1 (Vampire Knight #1)",One,£15.40,In
Vampire Girl (Vampire Girl #1),Two,£53.82,In
Twenty Love Poems and a Song of Despair,Four,£30.95,In
Travels with Charley: In Search of America,Five,£57.82,In
Three Wishes (River of Time: California #1),Two,£44.18,In
This One Moment (Pushing Limits #1),One,£48.71,In
The Zombie Room,Five,£19.69,In
"The Wicked + The Divine, Vol. 1: The Faust Act (The Wicked + The Divine)",Two,£36.52,In
The Tumor,Five,£41.56,In
The Story of Hong Gildong,Four,£43.19,In
The Silent Wife,Five,£12.34,In
The Silent Twin (Detective Jennifer Knight #3),Three,£36.25,In
The Selfish Gene,One,£29.45,In
The Secret Healer,Three,£34.56,In
"The Sandman, Vol. 1: Preludes and Nocturnes (The Sandman (volumes) #1)",Three,£54.12,In
The Republic,Three,£33.78,In
The Odyssey,Three,£29.64,In
The No. 1 Ladies' Detective Agency (No. 1 Ladies' Detective Agency #1),Four,£57.70,In
The Nicomachean Ethics,One,£36.34,In
The Name of the Wind (The Kingkiller Chronicle #1),Three,£50.59,In
The Mirror & the Maze (The Wrath and the Dawn #1.5),One,£29.38,In
The Little Prince,Two,£45.42,In
The Light of the Fireflies,One,£54.43,In
The Last Girl (The Dominion Trilogy #1),Two,£36.26,In
The Iliad,One,£16.16,In
The Hook Up (Game On #1),Five,£36.29,In
The Haters,Five,£27.89,In
The Girl You Lost,Five,£12.29,In
The Girl In The Ice (DCI Erika Foster #1),Three,£15.85,In
The End of the Jesus Era (An Investigation #1),One,£14.40,In
The Edge of Reason (Bridget Jones #2),Four,£19.18,In
The Complete Maus (Maus #1-2),Three,£10.64,In
The Communist Manifesto,Three,£14.76,In
The Bhagavad Gita,Three,£57.49,In
The Bette Davis Club,Three,£30.66,In
The Art of Not Breathing,Four,£40.83,In
Taking Shots (Assassins #1),Two,£18.88,In
Starlark,Three,£25.83,In
"Skip Beat!, Vol. 01 (Skip Beat! #1)",Three,£42.12,In
Sister Sable (The Mad Queen #1),Three,£13.33,In
Shatter Me (Shatter Me #1),One,£42.40,In
Shameless,Three,£58.35,In
Shadow Rites (Jane Yellowrock #10),Four,£21.72,In
Settling the Score (The Summer Games #1),Two,£44.91,In
Sense and Sensibility,One,£37.46,In
"Saga, Volume 1 (Saga (Collected Editions) #1)",One,£28.48,In
"Rhythm, Chord & Malykhin",Two,£28.34,In
"Rat Queens, Vol. 1: Sass & Sorcery (Rat Queens (Collected Editions) #1-5)",Five,£46.96,In
Paradise Lost (Paradise #1),One,£24.96,In
"Paper Girls, Vol. 1 (Paper Girls #1-5)",Four,£21.71,In
"Ouran High School Host Club, Vol. 1 (Ouran High School Host Club #1)",Three,£29.87,In
Origins (Alphas 0.5),One,£28.99,In
One Second (Seven #7),Two,£52.94,In
On the Road (Duluoz Legend),Three,£32.36,In
Old Records Never Die: One Man's Quest for His Vinyl and His Past,Two,£55.66,In
Off Sides (Off #1),Five,£39.45,In
Of Mice and Men,Two,£47.11,In
Myriad (Prentor #1),Four,£58.75,In
My Perfect Mistake (Over the Top #1),Two,£38.92,In
"Ms. Marvel, Vol. 1: No Normal (Ms. Marvel (2014-2015) #1)",Four,£39.39,In
Meditations,Two,£25.89,In
Matilda,One,£28.34,In
Lost Among the Living,Four,£27.70,In
Lord of the Flies,Three,£24.89,In
Listen to Me (Fusion #1),Three,£58.99,In
Kitchens of the Great Midwest,Five,£57.20,In
Jane Eyre,Five,£38.43,In
Imperfect Harmony,Four,£34.74,In
Icing (Aces Hockey #2),Four,£40.44,In
"Hawkeye, Vol. 1: My Life as a Weapon (Hawkeye #1)",Three,£45.24,In
Having the Barbarian's Baby (Ice Planet Barbarians #7.5),Four,£34.96,In
"Giant Days, Vol. 1 (Giant Days #1-4)",Four,£56.76,In
"Fruits Basket, Vol. 1 (Fruits Basket #1)",Five,£40.28,In
Frankenstein,Two,£38.00,In
Forever Rockers (The Rocker #12),Three,£28.80,In
Fighting Fate (Fighting #6),Three,£39.24,In
Emma,Two,£32.93,In
"Eat, Pray, Love",Three,£51.32,In
Deep Under (Walker Security #1),Five,£47.09,In
Choosing Our Religion: The Spiritual Lives of America's Nones,Four,£28.42,In
Charlie and the Chocolate Factory (Charlie Bucket #1),Three,£22.85,In
Charity's Cross (Charles Towne Belles #4),One,£41.24,In
Bright Lines,Five,£39.07,In
Bridget Jones's Diary (Bridget Jones #1),One,£29.82,In
Bounty (Colorado Mountain #7),Four,£37.26,In
Blood Defense (Samantha Brinkman #1),Three,£20.30,In
"Bleach, Vol. 1: Strawberry and the Soul Reapers (Bleach #1)",Five,£34.65,In
Beyond Good and Evil,One,£43.38,In
Alice in Wonderland (Alice's Adventures in Wonderland #1),One,£55.53,In
"Ajin: Demi-Human, Volume 1 (Ajin: Demi-Human #1)",Four,£57.06,In
A Spy's Devotion (The Regency Spies of London #1),Five,£16.97,In
1st to Die (Women's Murder Club #1),One,£53.98,In
"1,000 Places to See Before You Die",Five,£26.08,In
